#num nodes;num edge;num observation
6;5;320
#node_id::int;X::double;Yi_filename::double;Z::double;is_in_intersection::int
2661;1996.06866715267;20758.9369077051;0;1
2662;1932.49999998707;20859.6999984745;0;1
1000346;2003.20677483166;20776.338851136;0;0
1000359;2000.50300070975;20752.715874403;0;0
1001976;1941.99999998709;20871.7999984752;0;0
1001977;1940.29999998716;20866.8999984777;0;0
#edge_id::int;start_node::int;end_node::int;width::double
1010040;1000359;2661;9
1006076;1001977;2662;4
2506;2661;2662;4
1006485;2661;1000346;4
1006075;1001976;1001977;4
#obs_id::int;edge_id::int;X::double;Y::double;Z::double;confidence::double;weight::double
578;2506;1940.02724643276;20842.3188482121;0;1;0.50000
579;2506;1939.49848947375;20843.1676214903;0;1;1.00000
580;2506;1938.96973251472;20844.0163947684;0;1;1.00000
593;1006076;1932.09589204778;20855.0504473871;0;1;1.00000
